country_code,country_name,audio_duration,audio_spectral_centroid,audio_spectral_bandwidth,audio_spectral_rolloff,audio_zero_crossing_rate,audio_rms_energy,audio_harmonic_ratio,text_original_word_count,text_processed_word_count_with_stopwords,text_processed_word_count_without_stopwords,text_stopwords_removed,text_stopwords_percentage,text_unique_words,text_lexical_diversity,text_polarity,text_subjectivity,topic_0_weight,topic_1_weight,topic_2_weight,topic_3_weight,topic_4_weight
ad,Andorra,156.96979591836734,1670.794933729034,1805.724795923187,3054.0901436307413,0.0547493973494933,0.06637398,0.8521158,,,,,,,,,,,,,,
ad_anthem,,,,,,,,,617.0,365.0,258.0,107.0,29.315068493150687,95.0,0.3682170542635659,0.3087662337662338,0.5538239538239539,0.995821926260178,0.0010453509016425,0.001038858155995,0.0010445859310917,0.0010492787510926
ae,United Arab Emirates,48.457142857142856,1571.820441666899,1818.2417114545628,2910.913495373143,0.0475312668453521,0.09887443,0.6710982,,,,,,,,,,,,,,
ae_anthem,,,,,,,,,1105.0,652.0,494.0,158.0,24.233128834355828,139.0,0.2813765182186235,0.1000124875124875,0.3252122877122877,0.0005134360312083,0.0005179306869857,0.9979375305901228,0.0005167416875262,0.0005143610041566
af,Afghanistan,74.00489795918368,1851.0698724944675,2027.3255822432104,3321.048184742647,0.0580200674019607,0.07923557,0.6579245,,,,,,,,,,,,,,
ag,Antigua and Barbuda,60.86530612244898,929.119154801626,1088.6497563552125,1664.2418406834113,0.031761936301974,0.11351521,0.7869734,,,,,,,,,,,,,,
al,Albania,65.95918367346938,1553.1113124224712,1895.5285063158676,2991.5462892687437,0.041009781436994,0.11116227,0.7508725,,,,,,,,,,,,,,
am,Armenia,29.64897959183673,1519.0936208610476,1924.956566874965,2836.590600069744,0.0393154350406225,0.11205718,0.69995695,,,,,,,,,,,,,,
am_anthem,,,,,,,,,1111.0,639.0,454.0,185.0,28.95148669796557,125.0,0.2753303964757709,0.1722709235209235,0.4321067821067821,0.000602248039143,0.997591707158366,0.0006012997441187,0.0006034409153146,0.0006013041430574
ao,Angola,81.92,1764.343289612727,2314.248968208793,3610.7553614761937,0.0367815477982853,0.09926181,0.68660045,,,,,,,,,,,,,,
ao_anthem,,,,,,,,,1020.0,629.0,457.0,172.0,27.344992050874406,121.0,0.2647702407002188,0.1427208596321755,0.4011138167388167,0.000513573539289,0.0005180929636804,0.0005169398367471,0.0005188672381809,0.9979325264221024
ar,Argentina,213.3420408163265,1245.9527083797905,1470.8544072946213,2259.1946287574488,0.0363499297232123,0.08057796,0.66234064,,,,,,,,,,,,,,
ar_anthem,,,,,,,,,1267.0,735.0,549.0,186.0,25.30612244897959,147.0,0.2677595628415301,0.2212729649237025,0.3852339181286549,0.998210631397946,0.0004467349013126,0.0004460203293679,0.0004486172942977,0.0004479960770756
at,Austria,89.52163265306122,2115.114283832579,2570.669977206462,4209.865478547286,0.0507305285266178,0.07213186,0.7434918,,,,,,,,,,,,,,
au,Australia,54.3869387755102,1257.7295974130768,1515.1386214609497,2290.424997498666,0.0391674518076307,0.088747464,0.7415056,,,,,,,,,,,,,,
au_anthem,,,,,,,,,494.0,309.0,211.0,98.0,31.71521035598705,127.0,0.6018957345971564,0.164781746031746,0.4362433862433863,0.9465936868004836,0.0012243587914408,0.0012272926523514,0.049724985126089,0.0012296766296352
az,Azerbaijan,131.99673469387756,1470.2860841243082,1793.0344323198815,2717.5318993238784,0.0407743187252638,0.103262104,0.59596306,,,,,,,,,,,,,,
az_anthem,,,,,,,,,701.0,409.0,298.0,111.0,27.13936430317848,87.0,0.2919463087248322,0.3273142555119299,0.4426809624484043,0.0008847104048972,0.0008916041181103,0.0008873785098061,0.000881751526054,0.996454555441132
ba,Bosnia and Herzegovina,125.02204081632654,1248.3237335717386,1545.952847236044,2273.3255793539324,0.0363078302012721,0.04239025,0.69621044,,,,,,,,,,,,,,
ba_anthem,,,,,,,,,273.0,171.0,117.0,54.0,31.57894736842105,88.0,0.7521367521367521,0.2048933209647495,0.4357838589981447,0.0026870026894228,0.0026885636959291,0.0026805211502193,0.9892612160224205,0.0026826964420084
bb,Barbados,78.65469387755103,2379.9185782892414,2458.438036661343,4743.613677640683,0.0674225957103321,0.0791635,0.7186721,,,,,,,,,,,,,,
bd,Bangladesh,134.87020408163266,2706.837590600522,2812.1701760791325,5649.751231694392,0.0656327842547559,0.09896725,0.73057747,,,,,,,,,,,,,,
bd_anthem,,,,,,,,,781.0,421.0,303.0,118.0,28.028503562945367,110.0,0.363036303630363,0.3231855867346938,0.4191156462585034,0.0008892087244255,0.9964431958700526,0.0008892566462431,0.0008881757685466,0.0008901629907321
be,Belgium,63.0595918367347,1997.3344406427016,2290.145193570633,3851.069877073937,0.0524747733339469,0.061595455,0.68117774,,,,,,,,,,,,,,
be_anthem,,,,,,,,,1079.0,648.0,432.0,216.0,33.33333333333333,131.0,0.3032407407407407,0.1258006198347107,0.2928571428571427,0.0005876011610298,0.0005859284394437,0.0005864484419553,0.997655607821355,0.000584414136216
bf,Burkina Faso,107.2065306122449,1297.5876554039746,1516.6840646900228,2423.876207617082,0.0344341647773416,0.117075674,0.6984146,,,,,,,,,,,,,,
bf_anthem,,,,,,,,,1463.0,952.0,651.0,301.0,31.61764705882353,194.0,0.2980030721966206,0.1810829205159102,0.4517550319096712,0.0004009549075618,0.0004026510865077,0.0003988034865405,0.9983951999010496,0.0004023906183402
bg,Bulgaria,73.40408163265306,1486.293832850222,1650.4265341351052,2808.664602134568,0.0437204390222204,0.07429919,0.6606674,,,,,,,,,,,,,,
bg_anthem,,,,,,,,,727.0,438.0,316.0,122.0,27.85388127853881,105.0,0.3322784810126582,0.323265306122449,0.5364625850340136,0.5253976352511966,0.0009044443922248,0.000906908112983,0.0009041537966523,0.4718868584469431
bh,Bahrain,49.371428571428574,2043.6791757924575,2483.1119114502253,4067.1375352692216,0.0490617606322008,0.08493218,0.6258383,,,,,,,,,,,,,,
bh_anthem,,,,,,,,,506.0,273.0,206.0,67.0,24.54212454212454,58.0,0.2815533980582524,0.0686363636363635,0.4144444444444445,0.0011279950870242,0.0011204976254357,0.9955036074018516,0.0011266160196008,0.0011212838660878
bi,Burundi,128.94040816326532,1750.278382297014,1791.1674081372237,3143.2136995180404,0.0576247928530431,0.06619108,0.8478958,,,,,,,,,,,,,,
bi_anthem,,,,,,,,,833.0,527.0,362.0,165.0,31.309297912713475,112.0,0.3093922651933701,0.3698979591836733,0.5650510204081632,0.0007039040007802,0.0007100292283348,0.0007087543574159,0.9971730191223576,0.0007042932911114
bj,Benin,67.81387755102041,2152.732838688615,2315.008959195978,4228.6242303845,0.0602608602041253,0.10981739,0.6533267,,,,,,,,,,,,,,
bj_anthem,,,,,,,,,947.0,581.0,417.0,164.0,28.22719449225473,131.0,0.3141486810551558,0.1687163446309788,0.3662931580614507,0.0005866409811091,0.1389837209305802,0.0005909028438566,0.859247636437521,0.0005910988069329
bn,Brunei,64.86204081632653,2518.9473290071933,2579.8783022635844,5073.572614160104,0.0727088099326561,0.073128454,0.6191509,,,,,,,,,,,,,,
bo,Bolivia,100.59755102040816,2350.0181764520908,2615.9066566046386,4895.375545477496,0.0602717695109636,0.06402364,0.6145216,,,,,,,,,,,,,,
bo_anthem,,,,,,,,,1353.0,848.0,640.0,208.0,24.52830188679245,160.0,0.25,0.2737154150197629,0.5326190476190475,0.9985152972152698,0.0003707301316389,0.0003714948873534,0.0003706606204727,0.000371817145265
br,Brazil,112.82285714285716,1231.1101728234207,1511.2488088211228,2201.1839388329004,0.0368968887470415,0.0656368,0.5479183,,,,,,,,,,,,,,
br_anthem,,,,,,,,,1738.0,1059.0,702.0,357.0,33.711048158640224,199.0,0.2834757834757834,0.2986916480547052,0.6013248959108831,0.000376269322463,0.0003779891146307,0.0003747551602721,0.0003762253717176,0.9984947610309164
bs,Bahamas,74.84081632653061,2410.6675061392366,2682.5307611579447,4967.566673452769,0.0613246259161237,0.06649834,0.6537208,,,,,,,,,,,,,,
bs_anthem,,,,,,,,,69.0,41.0,33.0,8.0,19.51219512195122,26.0,0.7878787878787878,0.1666666666666666,0.25,0.7868834144738844,0.007805025842761,0.0079519488980456,0.1894165578078228,0.0079430529774858
bt,Bhutan,104.21115646258504,1695.5462422494932,2110.976488267886,3304.9520921956805,0.044333674773031,0.05297346,0.81775075,,,,,,,,,,,,,,
bw,Botswana,56.55510204081633,2015.2047514097776,2393.27999144911,4030.5630387931033,0.0525588863980398,0.084409274,0.7579746,,,,,,,,,,,,,,
bw_anthem,,,,,,,,,428.0,211.0,176.0,35.0,16.587677725118482,57.0,0.3238636363636363,0.2318181818181818,0.2727272727272727,0.0015551653129883,0.9938104071911436,0.0015498424464199,0.0015421749157447,0.0015424101337032
by,Belarus,115.64408163265306,2456.0293024151533,2798.928583217395,5047.790518765372,0.0595783516652444,0.12006692,0.63330984,,,,,,,,,,,,,,
by_anthem,,,,,,,,,1404.0,788.0,589.0,199.0,25.253807106598984,177.0,0.300509337860781,0.2852916924345495,0.5092901807187522,0.9980514798426172,0.0004892985285358,0.0004858807338995,0.000486634126362,0.0004867067685853
bz,Belize,162.3510204081633,1862.1955572575723,2256.992461880712,3605.8198627672696,0.0481308297652674,0.058722604,0.6919438,,,,,,,,,,,,,,
ca,Canada,78.96816326530612,1646.4131806797232,2008.758466215071,3138.057560908097,0.043284603793002,0.11817029,0.6589877,,,,,,,,,,,,,,
cd,Democratic Republic of the Congo,89.05142857142857,1801.2761577081064,2334.3229340521007,3458.205473791308,0.0430000035645613,0.0749243,0.5744349,,,,,,,,,,,,,,
cf,Central African Republic,65.5934693877551,1588.71946928174,1901.8244565758696,3081.08122753042,0.0435863177544247,0.037456065,0.639953,,,,,,,,,,,,,,
cf_anthem,,,,,,,,,650.0,382.0,267.0,115.0,30.104712041884817,81.0,0.3033707865168539,0.0538763914656771,0.2285768398268399,0.0009152154769325,0.0009249533080699,0.8431464231466869,0.1540920274218386,0.0009213806464718
cg,Republic of the Congo,75.25877551020409,1971.7097694265908,2389.846715535665,3934.3749548096944,0.047980430187606,0.15485425,0.6891473,,,,,,,,,,,,,,
cg_anthem,,,,,,,,,1029.0,601.0,420.0,181.0,30.116472545757077,126.0,0.3,0.2620076644666809,0.415046838407494,0.000568374527424,0.3359012357888932,0.5481328317894598,0.1148242726598327,0.0005732852343901
ch,Switzerland,84.29714285714286,1230.981817686422,1427.411191192214,2267.768649505922,0.0357438552282743,0.097161934,0.71082664,,,,,,,,,,,,,,
ch_anthem,,,,,,,,,497.0,321.0,218.0,103.0,32.087227414330215,149.0,0.6834862385321101,0.1623222302388969,0.3810946769280103,0.5022114755515749,0.0014105177162335,0.0013950793726981,0.3694441204072231,0.1255388069522704
ci,Ivory Coast,69.17224489795919,1593.4344669166608,1950.035854873052,2893.894108111155,0.0420549536415505,0.085910715,0.64517844,,,,,,,,,,,,,,
ci_anthem,,,,,,,,,508.0,287.0,239.0,48.0,16.72473867595819,81.0,0.3389121338912134,0.3288311688311688,0.4118181818181818,0.0011092762661889,0.4971730287591814,0.0011189483552991,0.4994864939310882,0.0011122526882421
cl,Chile,122.46204081632654,1696.2374326518836,1926.3021552271252,3241.783007423689,0.046877684644279,0.08349577,0.5404483,,,,,,,,,,,,,,
cl_anthem,,,,,,,,,1433.0,904.0,618.0,286.0,31.63716814159292,163.0,0.2637540453074433,0.1235353535353535,0.3707792207792208,0.9983072758310028,0.0004219742787149,0.0004225502754972,0.0004247166979674,0.0004234829168173
cm,Cameroon,58.04408163265306,2063.743806564073,2462.809006915033,4054.95193359375,0.0528396484375,0.09228665,0.6982096,,,,,,,,,,,,,,
cm_anthem,,,,,,,,,949.0,579.0,419.0,160.0,27.63385146804836,128.0,0.3054892601431981,0.1732214572576018,0.3644291451520367,0.0006309284542351,0.3695107560088363,0.6285930608685952,0.0006323788541029,0.0006328758142304
cn,China,43.96408163265306,1874.1684945386503,1906.1674682497005,3406.362819142791,0.0571806096514391,0.12146559,0.7055462,,,,,,,,,,,,,,
cn_anthem,,,,,,,,,1329.0,733.0,541.0,192.0,26.193724420191,146.0,0.2698706099815157,0.1404082903371807,0.1808011265842591,0.8029576699598777,0.1955330320667115,0.0005040124791834,0.0005032173876551,0.0005020681065719
co,Colombia,160.9142857142857,1491.4864810161994,1672.1293229853377,2757.8392408049112,0.0443910043241829,0.08196186,0.65084404,,,,,,,,,,,,,,
co_anthem,,,,,,,,,1984.0,1136.0,852.0,284.0,25.0,271.0,0.318075117370892,0.1897633744855966,0.3786008230452672,0.0003446355927279,0.0003433296636663,0.0003427564051001,0.0003436106986374,0.9986256676398682
cr,Costa Rica,110.00163265306122,1140.0046260585966,1505.4370438029948,2148.243249093008,0.0317547204815303,0.071468845,0.53382516,,,,,,,,,,,,,,
cr_anthem,,,,,,,,,1016.0,637.0,474.0,163.0,25.588697017268448,135.0,0.2848101265822785,0.2549251152073731,0.4296466973886329,0.0005614565323533,0.0005576511751359,0.9977613396822046,0.0005593747235727,0.0005601778867333
cu,Cuba,70.24326530612245,1595.13097746248,1964.5982524016572,2964.272627974715,0.042367012554743,0.058770664,0.6257126,,,,,,,,,,,,,,
cv,Cape Verde,71.15755102040816,1489.9986556978265,1877.4628053035951,2814.108627842068,0.0392936569637031,0.050676525,0.608348,,,,,,,,,,,,,,
cv_anthem,,,,,,,,,591.0,349.0,258.0,91.0,26.07449856733524,86.0,0.3333333333333333,0.0912698412698412,0.3738095238095237,0.2633532855273341,0.0009947924530315,0.389833626672006,0.3448218421817742,0.0009964531658541
cy_anthem,,,,,,,,,267.0,177.0,123.0,54.0,30.508474576271187,85.0,0.6910569105691057,0.0746753246753246,0.3100487012987013,0.0021421770585371,0.0021488088310306,0.0021274662192803,0.8643077309902194,0.1292738169009324
cz,Czech Republic,64.70530612244897,1188.66502067914,1374.2024254100745,2125.8648990429897,0.0391454570046196,0.09039884,0.7799424,,,,,,,,,,,,,,
cz_anthem,,,,,,,,,592.0,337.0,250.0,87.0,25.816023738872403,81.0,0.324,0.2084483225108225,0.4880817099567099,0.0010543488417255,0.9957936523784416,0.0010567249940333,0.001047520664967,0.0010477531208324
de,Germany,74.05714285714286,1627.0279463879945,1976.4396371115367,2973.826831387659,0.0454044153668286,0.07820631,0.69961834,,,,,,,,,,,,,,
dj,Djibouti,47.75183673469388,1634.3119167542804,1995.5126825292316,3132.358745005621,0.0438692336761667,0.07915407,0.56410587,,,,,,,,,,,,,,
dj_anthem,,,,,,,,,421.0,236.0,159.0,77.0,32.6271186440678,55.0,0.3459119496855345,0.0177339901477832,0.1911330049261083,0.0015766985398404,0.0015989101682012,0.9936571815840028,0.0015804248364814,0.0015867848714738
dk,Denmark,79.43836734693878,1492.5216934759512,1809.898913109484,2623.90403229121,0.0438616846138389,0.08491236,0.72205514,,,,,,,,,,,,,,
dm,Dominica,48.97959183673469,1843.3439371755308,2144.5702630426454,3609.320072699396,0.0484111358215809,0.051287882,0.6446913,,,,,,,,,,,,,,
do,Dominican Republic,96.78367346938776,1225.6511125229329,1441.1991047856395,2192.9308682304786,0.037106739440896,0.09313146,0.6949431,,,,,,,,,,,,,,
do_anthem,,,,,,,,,1904.0,1125.0,803.0,322.0,28.62222222222222,246.0,0.3063511830635118,0.3333928571428571,0.5381560283687941,0.9986235037810364,0.0003437919150634,0.0003434742045648,0.0003440438444385,0.000345186254897
dz,Algeria,78.13224489795918,1784.0636289289914,2227.5917120725703,3492.285598822901,0.0445929925473625,0.039449714,0.63155764,,,,,,,,,,,,,,
dz_anthem,,,,,,,,,1386.0,781.0,499.0,282.0,36.10755441741357,149.0,0.2985971943887776,0.1682998251748252,0.399102564102564,0.0005271754802871,0.0005266265477326,0.3192758806449521,0.6791401774196025,0.0005301399074254
ec,Ecuador,198.87020408163264,1193.228971763762,1513.195171388119,2165.84552183669,0.033116984548307,0.08683409,0.6312852,,,,,,,,,,,,,,
ec_anthem,,,,,,,,,927.0,569.0,385.0,184.0,32.33743409490334,126.0,0.3272727272727272,0.1675653698979592,0.3429974489795918,0.0006337963916651,0.0006325206923833,0.0006381275816632,0.0006341956849138,0.9974613596493744
ee,Estonia,31.764897959183678,1482.4385112961695,1780.7584745163597,2684.561820652174,0.0414692966181037,0.086284086,0.6845239,,,,,,,,,,,,,,
ee_anthem,,,,,,,,,812.0,459.0,312.0,147.0,32.02614379084967,106.0,0.3397435897435897,0.3290322580645161,0.5134408602150535,0.3077895676343797,0.0008670293710304,0.6896235990377125,0.0008607952937854,0.0008590086630919
eg,Egypt,85.81224489795919,1691.6048127566326,2273.402716009803,3330.401750044389,0.0394232943976596,0.089571685,0.61953205,,,,,,,,,,,,,,
eg_anthem,,,,,,,,,997.0,554.0,407.0,147.0,26.534296028880867,121.0,0.2972972972972973,0.2962047422274695,0.5472517381608292,0.0006031139887097,0.7017061329781137,0.296487301141584,0.0006013689915943,0.0006020828999982
er,Eritrea,119.51020408163264,2297.0238774392246,2909.632091774604,4743.845811083823,0.0500464090125315,0.042383183,0.6686352,,,,,,,,,,,,,,
er_anthem,,,,,,,,,544.0,276.0,216.0,60.0,21.73913043478261,69.0,0.3194444444444444,0.05,0.2749999999999999,0.0014820459780619,0.0014903000592169,0.9940529143417184,0.0014874184367427,0.00148732118426
es,Spain,62.35428571428572,2005.268100626544,2287.288359896626,4055.895675633611,0.0559947046348445,0.04091223,0.6385734,,,,,,,,,,,,,,
et,Ethiopia,84.08816326530612,1862.8802350174049,2233.488872932206,3653.652111845057,0.0460070418205508,0.12082211,0.6457118,,,,,,,,,,,,,,
et_anthem,,,,,,,,,599.0,322.0,251.0,71.0,22.049689440993788,90.0,0.3585657370517928,0.3251893939393939,0.5638888888888888,0.0011301310746153,0.0011368405677558,0.2563100228345598,0.0011247058309947,0.7402982996920743
fi,Finland,46.419591836734696,1451.3268322590188,1776.7236200323,2708.245872503282,0.0397973028413353,0.10783822,0.6947307,,,,,,,,,,,,,,
fi_anthem,,,,,,,,,1260.0,751.0,532.0,219.0,29.161118508655125,139.0,0.2612781954887218,0.2285852981969486,0.320998613037448,0.9978829587170448,0.0005297635187469,0.0005278780964478,0.0005295151602144,0.0005298845075462
fj,Fiji,86.17795918367347,1255.5896916102142,1398.2009967790968,2198.4753495259665,0.0405204369021958,0.11026087,0.72959906,,,,,,,,,,,,,,
fj_anthem,,,,,,,,,813.0,537.0,390.0,147.0,27.37430167597765,114.0,0.2923076923076923,0.0966674834599363,0.3313117699910152,0.0007753138976802,0.8779943013764502,0.0007762873739189,0.0007746979320179,0.1196793994199327
fm,Micronesia,35.70938775510204,1371.262900060466,1749.329064520184,2582.2762795635567,0.036990955685143,0.080705255,0.7634538,,,,,,,,,,,,,,
fr,France,79.28163265306122,2432.592614549138,2750.731747030736,5121.399138497126,0.0605212775937179,0.07564978,0.6014101,,,,,,,,,,,,,,
fr_anthem,,,,,,,,,3280.0,2180.0,1407.0,773.0,35.45871559633028,398.0,0.2828713574982232,0.062864979514533,0.3786561533704392,0.0001952348567691,0.0001947484397811,0.0001940603161132,0.0001953153437897,0.9992206410435466
ga,Gabon,104.82938775510203,1601.187607486398,2056.2901565942634,3077.1805732194766,0.039493139188815,0.04018604,0.6566613,,,,,,,,,,,,,,
ga_anthem,,,,,,,,,869.0,508.0,370.0,138.0,27.165354330708663,115.0,0.3108108108108108,0.3423778803661617,0.3919507575757575,0.0007088927010019,0.9971614152414284,0.0007086280451642,0.0007089902088667,0.0007120738035386
gb,United Kingdom,63.08571428571429,1898.4668943753063,2214.631779968813,3528.0611837792144,0.0512441916635995,0.07396798,0.7723546,,,,,,,,,,,,,,
gb_anthem,,,,,,,,,659.0,422.0,284.0,138.0,32.70142180094787,183.0,0.6443661971830986,0.1230709426627793,0.3300291545189505,0.2466453090178384,0.0009260723470183,0.0009244305894184,0.5612279543756562,0.1902762336700685
gd,Grenada,79.59510204081633,1314.5320575045027,1504.991942369842,2342.037354940016,0.0445159235523628,0.057225738,0.86591774,,,,,,,,,,,,,,
gd_anthem,,,,,,,,,175.0,119.0,87.0,32.0,26.89075630252101,60.0,0.6896551724137931,0.1309523809523809,0.3333333333333333,0.0030373200842237,0.0030638929522532,0.3670914729768004,0.6237656083669524,0.0030417056197703
ge,Georgia,85.73387755102041,1414.274258143035,1808.5104816654464,2619.991622852488,0.0373323248138117,0.051349014,0.69252336,,,,,,,,,,,,,,
gh,Ghana,57.57387755102041,2281.371463414551,2720.4557716111563,4874.687391711819,0.0528557562058971,0.037289932,0.5894817,,,,,,,,,,,,,,
gh_anthem,,,,,,,,,77.0,52.0,37.0,15.0,28.846153846153843,32.0,0.8648648648648649,0.1335633116883116,0.2969967532467532,0.3140765803262637,0.0070994815944873,0.0071182555610436,0.6645481970532108,0.0071574854649944
gm,Gambia,79.88244897959184,1371.049750067612,1532.4511418339,2524.2697140450155,0.0425376631530664,0.05860505,0.7730887,,,,,,,,,,,,,,
gm_anthem,,,,,,,,,63.0,44.0,33.0,11.0,25.0,29.0,0.8787878787878788,0.0,0.25,0.3038141419245191,0.270363690759504,0.4063064208176105,0.0097506586731778,0.0097650878251884
gn,Guinea,72.3330612244898,1672.4787270633385,2101.6513905350894,3221.5413607366395,0.041474755130597,0.046354953,0.7422577,,,,,,,,,,,,,,
gq,Equatorial Guinea,115.30448979591836,1772.6047540840048,2386.226883135619,3387.6918858786626,0.0407365298876107,0.123552166,0.7081554,,,,,,,,,,,,,,
gq_anthem,,,,,,,,,546.0,327.0,253.0,74.0,22.629969418960243,71.0,0.2806324110671936,0.2143742621015349,0.4805194805194805,0.0009882205456102,0.0009791778387326,0.996072731254228,0.0009826346378611,0.0009772357235679
gr,Greece,45.32244897959184,1477.6747743015378,1806.850277525452,2663.222591212538,0.0421521546410732,0.093258455,0.6447178,,,,,,,,,,,,,,
gr_anthem,,,,,,,,,259.0,179.0,116.0,63.0,35.19553072625698,80.0,0.6896551724137931,0.1161995898838004,0.2813795853269538,0.0024099100019628,0.0023930748086239,0.0023827179544892,0.990411963638087,0.0024023335968369
gt,Guatemala,97.64571428571428,1136.9449350516577,1318.9487384563622,1977.1172167585603,0.0368613158178278,0.07483072,0.7088985,,,,,,,,,,,,,,
gt_anthem,,,,,,,,,2043.0,1349.0,888.0,461.0,34.173461823573014,257.0,0.2894144144144144,0.2231757209926224,0.5456371562709591,0.0002875336232674,0.0002870761399914,0.0002866501241041,0.0002873415185927,0.9988513985940444
gw,Guinea-Bissau,60.65632653061225,2000.5338780863829,2287.0078403154007,3906.9225571919856,0.0542110870215311,0.08112416,0.627723,,,,,,,,,,,,,,
gw_anthem,,,,,,,,,872.0,531.0,364.0,167.0,31.45009416195857,117.0,0.3214285714285714,0.1381890895562771,0.3339285714285714,0.0006757333390896,0.0006779388628103,0.9972954099742306,0.0006736109504359,0.0006773068734332
gy,Guyana,53.26367346938776,1647.9357366086608,1925.9551980969657,2900.186415308958,0.0488201430702375,0.10740858,0.7936293,,,,,,,,,,,,,,
hn,Honduras,166.58285714285714,1552.2003451020803,1887.2935272822936,2903.832502482752,0.0428565225581922,0.09305375,0.6590897,,,,,,,,,,,,,,
hn_anthem,,,,,,,,,2576.0,1560.0,1069.0,491.0,31.47435897435897,299.0,0.2797006548175865,0.1044925444925444,0.4222045855379189,0.0002365970355698,0.000235373581491,0.000235589166766,0.0002354891993189,0.9990569510168542
hr,Croatia,59.40244897959184,1731.552183747237,2085.789662701936,3156.1439274110808,0.0482204691469611,0.095630296,0.7349016,,,,,,,,,,,,,,
hr_anthem,,,,,,,,,920.0,516.0,381.0,135.0,26.16279069767442,128.0,0.3359580052493438,0.1809427803379415,0.4169546850998461,0.9969395516166084,0.0007678534874068,0.0007640014601829,0.0007644811724806,0.0007641122633211
ht,Haiti,36.91102040816327,1767.2232209401152,2052.9417771158865,3334.58579009434,0.0493012050412735,0.07121777,0.65160257,,,,,,,,,,,,,,
ht_anthem,,,,,,,,,1255.0,736.0,472.0,264.0,35.869565217391305,77.0,0.163135593220339,0.2667224702380952,0.3785714285714286,0.0005186609663401,0.0005204685389495,0.9979245182990564,0.0005176264098877,0.0005187257857662
hu,Hungary,93.28326530612244,970.8640634397934,1234.2150267796198,1733.459030559661,0.0294017627955818,0.06400888,0.71434426,,,,,,,,,,,,,,
hu_anthem,,,,,,,,,2040.0,1335.0,866.0,469.0,35.1310861423221,248.0,0.2863741339491917,0.0761782032400588,0.4916789396170838,0.0003460142919856,0.0003451682740421,0.0003442398518708,0.0003452295336441,0.9986193480484572
id,Indonesia,109.06122448979592,1933.7634377213017,2209.20205893656,3806.462413259128,0.0530122493413348,0.11168412,0.5978824,,,,,,,,,,,,,,
ie,Ireland,65.41061224489796,2178.5687896997733,2594.022378940274,4521.926800271739,0.0507679923192102,0.05625361,0.57939374,,,,,,,,,,,,,,
ie_anthem,,,,,,,,,292.0,183.0,132.0,51.0,27.86885245901639,98.0,0.7424242424242424,0.0294642857142857,0.2963789682539683,0.2517218272540248,0.0023868716042926,0.0023801609631915,0.5627003109492441,0.1808108292292469
il,Israel,74.24,1474.9096387241425,1858.97421268062,2585.3346196369234,0.0405216935838545,0.09912969,0.6814057,,,,,,,,,,,,,,
il_anthem,,,,,,,,,1161.0,666.0,487.0,179.0,26.87687687687688,151.0,0.3100616016427104,0.1491601731601731,0.4259047619047618,0.9974804262301824,0.0006296729439528,0.0006276114496086,0.0006336579879361,0.0006286313883199
in,India,63.6865306122449,1502.4864001686817,1838.772897434483,2914.820884623929,0.0387267732637623,0.058680207,0.70435643,,,,,,,,,,,,,,
in_anthem,,,,,,,,,983.0,587.0,433.0,154.0,26.2350936967632,125.0,0.2886836027713625,0.1282407407407407,0.4347222222222223,0.6689035187405828,0.329165450628603,0.0006428043128816,0.0006447149069246,0.0006435114110078
iq,Iraq,105.32571428571428,1643.896696925429,2252.239822788077,3273.331674335942,0.0359513955382728,0.09403009,0.63587254,,,,,,,,,,,,,,
ir,Iran,57.12979591836735,1892.176430289296,2161.0808946190805,3652.243037651138,0.0538613610673643,0.09915922,0.79562324,,,,,,,,,,,,,,
ir_anthem,,,,,,,,,797.0,475.0,341.0,134.0,28.21052631578948,119.0,0.3489736070381232,0.1386160714285714,0.39375,0.0009012513795737,0.9963859423093644,0.0009049245356896,0.0009092004035286,0.0008986813718437
is,Iceland,99.29142857142855,1230.0101275208751,1414.1856691145165,2229.375092483997,0.0365494471968899,0.089441925,0.7490015,,,,,,,,,,,,,,
is_anthem,,,,,,,,,319.0,200.0,141.0,59.0,29.5,102.0,0.723404255319149,0.1582341269841269,0.343452380952381,0.2678992991327757,0.0021377621281902,0.0021267867152334,0.7257027009761381,0.0021334510476624
it,Italy,98.74285714285716,1249.6829806246726,1501.82506237809,2282.838504162503,0.0356982043006407,0.072571985,0.5794341,,,,,,,,,,,,,,
it_anthem,,,,,,,,,2331.0,1369.0,949.0,420.0,30.67932797662528,251.0,0.2644889357218124,0.0843804310045185,0.3128432394855753,0.0002916765358599,0.0002907948657242,0.0002900264626612,0.0002927514614228,0.9988347506743316
jm,Jamaica,84.68897959183674,1746.713702124168,2130.545356450599,3482.614088470271,0.0450268270219328,0.027695147,0.67584026,,,,,,,,,,,,,,
jo,Jordan,37.35510204081633,2156.2691968694107,2397.1255231799696,4354.544975892441,0.0560435501961622,0.09481828,0.6306879,,,,,,,,,,,,,,
jo_anthem,,,,,,,,,471.0,247.0,217.0,30.0,12.145748987854253,65.0,0.2995391705069124,0.1044622044622044,0.3778388278388279,0.0011697317030306,0.0011679750344676,0.9953224248658982,0.0011746422739738,0.0011652261226296
jp,Japan,58.69714285714286,1122.9293017228797,1475.418382871656,1944.432058213632,0.0331933709639537,0.08582651,0.8205092,,,,,,,,,,,,,,
jp_anthem,,,,,,,,,1951.0,1265.0,870.0,395.0,31.225296442687743,269.0,0.3091954022988505,0.0624585847223642,0.350388758223404,0.0003493501296887,0.0003489246882534,0.0003487856895366,0.998604955573686,0.000347983918835
ke,Kenya,41.01224489795919,1810.8105636576145,2020.2494340024425,3426.266007000955,0.0505080170446504,0.12155175,0.76045185,,,,,,,,,,,,,,
ke_anthem,,,,,,,,,226.0,140.0,95.0,45.0,32.142857142857146,73.0,0.7684210526315789,0.1097883597883598,0.4161375661375661,0.0026972044849028,0.0027027402195799,0.0026767507786072,0.9134466734620332,0.0784766310548766
kg,Kyrgyzstan,123.32408163265306,2425.1626756488936,2884.191391740823,5091.04476191842,0.0556369893891791,0.13564937,0.7169397,,,,,,,,,,,,,,
kg_anthem,,,,,,,,,725.0,398.0,303.0,95.0,23.869346733668344,109.0,0.3597359735973597,0.1254648760330578,0.3399586776859504,0.4902738427785802,0.0014025827002174,0.1896018149019751,0.0009496679823309,0.317772091636896
kh,Cambodia,91.66367346938776,1017.191441181248,1117.678351718271,1764.9399777676197,0.0366589392572188,0.06241601,0.8053969,,,,,,,,,,,,,,
ki,Kiribati,44.87836734693877,2082.61878356818,2770.3639780456656,4398.699802767718,0.0402434181809363,0.10707732,0.6538644,,,,,,,,,,,,,,
ki_anthem,,,,,,,,,600.0,352.0,247.0,105.0,29.829545454545453,71.0,0.2874493927125506,0.4969175170068027,0.505187074829932,0.0010477097916166,0.654347959127755,0.0010439651384227,0.0010444678215959,0.3425158981206096
km,Comoros,96.70530612244896,1449.7119222151252,1749.1255622925628,2733.7965303308824,0.0398400571165966,0.1304648,0.5877388,,,,,,,,,,,,,,
km_anthem,,,,,,,,,632.0,382.0,272.0,110.0,28.79581151832461,85.0,0.3125,0.3236486486486487,0.4804054054054054,0.0010485658895908,0.9957984344425248,0.0010499129946939,0.0010518059040561,0.001051280769134
kn,Saint Kitts and Nevis,62.82448979591837,1424.000648304272,1763.3549099286652,2686.0124473825526,0.0371790263534737,0.12904485,0.59598386,,,,,,,,,,,,,,
kp,North Korea,100.6120634920635,2432.1273386124126,2673.6597921993725,4179.597956418744,0.0716301326150917,0.07369163,0.7745029,,,,,,,,,,,,,,
kp_anthem,,,,,,,,,1271.0,797.0,585.0,212.0,26.59974905897114,161.0,0.2752136752136752,0.2503335301062573,0.4687163846254753,0.0004497089669333,0.9982028090904608,0.0004491864713567,0.000449283358583,0.000449012112666
kr,South Korea,57.391020408163264,1434.7809065429342,1724.8988547424608,2623.8451911407765,0.0407435346189826,0.08301106,0.7114205,,,,,,,,,,,,,,
kr_anthem,,,,,,,,,1213.0,676.0,503.0,173.0,25.59171597633136,146.0,0.2902584493041749,0.2698507462686568,0.4893532338308457,0.0004978454946947,0.9980078633868308,0.0004977844851856,0.0004981016236876,0.0004984050096008
kw,Kuwait,34.63836734693878,2036.6237088557568,2148.890913682611,3921.5830785020103,0.0558280228929289,0.076515496,0.580129,,,,,,,,,,,,,,
kw_anthem,,,,,,,,,613.0,321.0,269.0,52.0,16.1993769470405,74.0,0.275092936802974,0.2791280148423005,0.4934240362811793,0.0008880834508,0.0008886029300729,0.9964460234633388,0.000892963058772,0.0008843270970162
kz,Kazakhstan,103.10530612244898,1430.9083486175311,1811.7505878390336,2668.6090631509683,0.0379496959801824,0.081876576,0.6041152,,,,,,,,,,,,,,
kz_anthem,,,,,,,,,835.0,428.0,340.0,88.0,20.5607476635514,101.0,0.2970588235294117,0.2678512687969925,0.4636278195488721,0.9968154987302938,0.0007961623202777,0.0008002310298593,0.000795289830725,0.000792818088844
la,Laos,50.285714285714285,2009.5750150405893,2471.025202594905,3920.991494979224,0.0486946704755309,0.062591225,0.627134,,,,,,,,,,,,,,
la_anthem,,,,,,,,,694.0,430.0,298.0,132.0,30.69767441860465,89.0,0.2986577181208054,0.2008571428571428,0.4376666666666667,0.0008172992519229,0.0008191780348329,0.0585745023002141,0.198886507062952,0.740902513350078
lb,Lebanon,50.62530612244898,1872.4487393409731,2194.0023682196306,3705.3848095154494,0.0476418512454138,0.090994,0.60164297,,,,,,,,,,,,,,
lb_anthem,,,,,,,,,1092.0,637.0,388.0,249.0,39.0894819466248,105.0,0.2706185567010309,0.25,0.175,0.0006567859212538,0.000657989523582,0.9973729735894687,0.0006559515595658,0.0006562994061296
lc,Saint Lucia,43.885714285714286,1753.4599821669062,2387.1786656004147,3459.755293738429,0.0376990317541655,0.09218031,0.72408926,,,,,,,,,,,,,,
lc_anthem,,,,,,,,,46.0,30.0,26.0,4.0,13.333333333333334,20.0,0.7692307692307693,0.1625,0.3333333333333333,0.6252043864060176,0.0112648516551323,0.1101838056556065,0.2420991167421396,0.0112478395411038
li,Liechtenstein,84.21877551020408,1691.917201091169,2252.1466156822257,3148.8369483868883,0.0409575427506891,0.08624973,0.78255016,,,,,,,,,,,,,,
lk,Sri Lanka,174.68081632653062,1663.600073704433,2304.458174391021,3218.98345075103,0.0355037844879868,0.15304446,0.69054633,,,,,,,,,,,,,,
lk_anthem,,,,,,,,,1220.0,672.0,535.0,137.0,20.386904761904763,138.0,0.2579439252336448,0.2072109988776655,0.3924523007856341,0.0005038572292877,0.0005085307289156,0.000507810294512,0.0005060798729855,0.9979737218742992
lr,Liberia,88.21551020408164,1890.2097216002,2261.975629769448,3806.593686001037,0.0469660507344716,0.060439385,0.6529262,,,,,,,,,,,,,,
ls,Lesotho,45.1134693877551,1969.352417503578,2639.076736376812,4116.188697206318,0.0384052176482887,0.13051246,0.66154593,,,,,,,,,,,,,,
ls_anthem,,,,,,,,,969.0,578.0,378.0,200.0,34.602076124567475,117.0,0.3095238095238095,0.1644999999999999,0.3988333333333334,0.9971813815809834,0.0007049912248392,0.0007046463554515,0.0007067447142158,0.0007022361245099
lt,Lithuania,107.18040816326533,1977.3214446244435,2549.17359225612,4143.3922620538615,0.0462358762321273,0.10302049,0.61719126,,,,,,,,,,,,,,
lt_anthem,,,,,,,,,848.0,534.0,374.0,160.0,29.962546816479403,112.0,0.2994652406417112,0.1817665289256198,0.4206611570247933,0.000709438741639,0.9971545947071988,0.0007080841867349,0.0007121326018802,0.0007157497625468
lu,Luxembourg,83.80081632653061,1345.9757813046908,1629.416538516177,2424.682221503152,0.0400949994156046,0.08616676,0.76967674,,,,,,,,,,,,,,
lu_anthem,,,,,,,,,686.0,423.0,278.0,145.0,34.2789598108747,101.0,0.3633093525179856,0.0335648148148148,0.3895833333333334,0.0009809038156512,0.9960900705767431,0.0009780293367069,0.0009741211415354,0.0009768751293629
lv,Latvia,106.16163265306122,1730.8768947167914,2205.0933637884045,3537.1859302385183,0.0426416095714871,0.11325569,0.70163924,,,,,,,,,,,,,,
ly,Libya,67.63102040816327,1602.628522823794,1928.71733992145,3194.812527154673,0.0384937604595777,0.08182476,0.6717858,,,,,,,,,,,,,,
ly_anthem,,,,,,,,,1576.0,931.0,625.0,306.0,32.867883995703544,166.0,0.2656,0.1281327706271902,0.3842901807187522,0.0004120807197648,0.0004100310272601,0.9983538650658218,0.0004112089748614,0.0004128142122917
ma,Morocco,67.73551020408163,1188.337703939641,1388.2735445094795,2241.2687781169666,0.0345769233344044,0.04478428,0.7004355,,,,,,,,,,,,,,
ma_anthem,,,,,,,,,640.0,373.0,256.0,117.0,31.36729222520107,94.0,0.3671875,0.1872294372294372,0.4168831168831169,0.0009917387707275,0.0009893097400426,0.996034289962332,0.0009917814357212,0.0009928800911766
mc,Monaco,87.6669387755102,2059.443671162276,2412.4640121987263,4066.75298658468,0.0511960821636652,0.055096433,0.6011453,,,,,,,,,,,,,,
mc_anthem,,,,,,,,,647.0,401.0,262.0,139.0,34.66334164588529,90.0,0.3435114503816794,0.1207402597402597,0.2722056277056277,0.0010112560571942,0.0010102080906177,0.0010171528573738,0.9959478610155914,0.0010135219792229
md,Moldova,71.13142857142857,2409.3308181765083,2919.333748376054,5190.299739498327,0.0559675348355638,0.07453379,0.654512,,,,,,,,,,,,,,
md_anthem,,,,,,,,,661.0,381.0,266.0,115.0,30.18372703412073,100.0,0.3759398496240601,0.1835700757575757,0.5070391414141413,0.0010745565516608,0.0010709884036808,0.9957178389229075,0.0010671440248151,0.0010694720969355
me,Montenegro,125.67510204081633,1465.8633986569655,1904.7766147808632,3023.599884526559,0.0342679615329099,0.11751926,0.5331151,,,,,,,,,,,,,,
me_anthem,,,,,,,,,952.0,565.0,416.0,149.0,26.371681415929203,104.0,0.25,0.3006631666206133,0.5943078198397349,0.0901311581906734,0.9080088509552914,0.0006199610248836,0.000620566653862,0.0006194631752897
mg,Madagascar,62.17142857142857,1754.1070554387604,2146.9199594313936,3449.734927826269,0.043323747607823,0.11534306,0.6682538,,,,,,,,,,,,,,
mg_anthem,,,,,,,,,704.0,399.0,256.0,143.0,35.83959899749373,83.0,0.32421875,0.4717739707101409,0.5945288753799393,0.0010480003663481,0.9957945795013812,0.0010577590664794,0.0010512126479193,0.0010484484178716
mh,Marshall Islands,138.34448979591838,1197.8534371916428,1478.4260899586482,2192.7059992093755,0.0367688442062809,0.09415292,0.7465999,,,,,,,,,,,,,,
mh_anthem,,,,,,,,,48.0,35.0,24.0,11.0,31.428571428571427,19.0,0.7916666666666666,0.15,0.3208333333333333,0.010108829348068,0.0102055565396004,0.0101103787924562,0.9594892714029885,0.0100859639168867
mk,North Macedonia,49.9461224489796,2496.061046608884,2875.875388217625,5242.776989255316,0.0606261937529049,0.14188588,0.6502747,,,,,,,,,,,,,,
mk_anthem,,,,,,,,,618.0,351.0,291.0,60.0,17.094017094017094,89.0,0.3058419243986254,0.2152597402597403,0.4934253246753248,0.0011855375518624,0.0011897218211261,0.0011888904943932,0.995257191206578,0.00117865892604
ml,Mali,79.96081632653062,1874.685067466086,2501.68182556041,3793.17626953125,0.0385279284398591,0.13514334,0.6993831,,,,,,,,,,,,,,
ml_anthem,,,,,,,,,1362.0,795.0,576.0,219.0,27.547169811320757,159.0,0.2760416666666667,0.101831550802139,0.3079188948306593,0.0004044978812614,0.9983812743808484,0.0004032006071073,0.0004038282966542,0.0004071988341286
mm,Myanmar,39.288163265306125,1807.875190932496,2167.7977931745013,3527.749362421529,0.0471446004892909,0.11772132,0.6498776,,,,,,,,,,,,,,
mm_anthem,,,,,,,,,1160.0,685.0,472.0,213.0,31.094890510948904,136.0,0.288135593220339,0.2084342211460854,0.3868845843422115,0.0005748904635578,0.0005763382244215,0.5403372367177565,0.4579355091296624,0.0005760254646015
mn,Mongolia,100.25795918367346,1761.2098167989438,2240.5671827968936,3527.924598881137,0.0426854835499652,0.10936844,0.68509233,,,,,,,,,,,,,,
mn_anthem,,,,,,,,,923.0,546.0,401.0,145.0,26.55677655677656,124.0,0.3092269326683292,0.3734972677595628,0.5523224043715846,0.0007100484733894,0.0007118259143087,0.0007083033192765,0.9971638732130084,0.0007059490800167
mr,Mauritania,86.62204081632653,1937.2844668893824,2482.8269073466595,4019.041640405136,0.0405024781811176,0.13396308,0.6288864,,,,,,,,,,,,,,
mr_anthem,,,,,,,,,427.0,218.0,152.0,66.0,30.275229357798167,54.0,0.3552631578947368,0.0104895104895104,0.3811188811188811,0.0016298703349464,0.3219144843614006,0.5865731530159695,0.0882565215480215,0.001625970739662
mt,Malta,48.79673469387755,1595.2323487961162,1942.5673362847076,2906.76217265179,0.0436657470935418,0.13573661,0.7611543,,,,,,,,,,,,,,
mt_anthem,,,,,,,,,632.0,360.0,259.0,101.0,28.05555555555556,88.0,0.3397683397683397,0.2503861003861004,0.3772844272844273,0.0012046260876662,0.0012073551730114,0.6050507443380095,0.0012079072167237,0.391329367184589
mu,Mauritius,58.775510204081634,1996.5479392248665,2254.975534993865,3724.1766245309104,0.0547454610964349,0.09132814,0.73872596,,,,,,,,,,,,,,
mu_anthem,,,,,,,,,76.0,44.0,35.0,9.0,20.454545454545457,28.0,0.8,0.0142857142857142,0.3428571428571428,0.0088908235853765,0.0088366055395799,0.0088430814990674,0.9644158049919608,0.0090136843840153
mv,Maldives,68.17959183673469,2066.1522962590725,2533.289544170648,4253.909392692193,0.0470440236303848,0.15050402,0.6316006,,,,,,,,,,,,,,
mv_anthem,,,,,,,,,1142.0,669.0,478.0,191.0,28.550074738415542,150.0,0.3138075313807531,0.0943424391700253,0.3361359904463353,0.0005740673815087,0.0005752179711456,0.0005764046337622,0.9976980293411511,0.000576280672432
mw,Malawi,51.95755102040816,1801.4340761131273,2110.648763730316,3380.217376790801,0.0502716964435321,0.07609398,0.7854843,,,,,,,,,,,,,,
mw_anthem,,,,,,,,,60.0,36.0,29.0,7.0,19.444444444444446,26.0,0.896551724137931,0.0510204081632653,0.1244897959183673,0.0086327313152396,0.0084748599065664,0.40945836003413,0.5646372519825643,0.0087967967614995
mx,Mexico,101.7469387755102,1382.0142466446832,1609.749349599859,2550.3651579348043,0.0408700431987391,0.07754372,0.62690884,,,,,,,,,,,,,,
my,Malaysia,58.64489795918367,1646.1941152997397,1944.262891538448,3080.0834601395486,0.0442936429879255,0.101941034,0.69797415,,,,,,,,,,,,,,
my_anthem,,,,,,,,,1187.0,710.0,492.0,218.0,30.704225352112672,158.0,0.3211382113821138,0.3000851607408984,0.4917358597686465,0.000531030762544,0.0005323312757272,0.0005318887066989,0.9978747238617732,0.0005300253932565
mz,Mozambique,62.17142857142857,1578.030593462678,2203.958688897402,3160.7855548246125,0.0345654078078323,0.07804979,0.5502474,,,,,,,,,,,,,,
mz_anthem,,,,,,,,,658.0,378.0,277.0,101.0,26.71957671957672,80.0,0.2888086642599278,0.3605651105651105,0.6685503685503685,0.0008768371405526,0.9964880493227212,0.0008748959973138,0.0008775894898137,0.0008826280495986
na,Namibia,89.18204081632653,1357.1287187533442,1642.2642775801426,2492.293069686036,0.0387608360046211,0.11272667,0.69637746,,,,,,,,,,,,,,
na_anthem,,,,,,,,,88.0,57.0,42.0,15.0,26.31578947368421,32.0,0.7619047619047619,0.2545454545454546,0.4714015151515151,0.97348703698232,0.0065487788460611,0.0066018027004106,0.0067128436083917,0.0066495378628164
ne,Niger,93.60795918367349,1289.961561033536,1469.1085621132283,2309.2230532699523,0.0433125392417524,0.042804804,0.70286167,,,,,,,,,,,,,,
ne_anthem,,,,,,,,,956.0,638.0,434.0,204.0,31.974921630094045,127.0,0.2926267281105991,0.1581433381433381,0.419093314093314,0.0005743104573645,0.9976962106176572,0.0005771720092814,0.0005758596597863,0.0005764472559104
ng,Nigeria,105.72836734693878,1288.7033802416756,1522.1875967259168,2272.697534348578,0.0424036905848523,0.051346827,0.8430928,,,,,,,,,,,,,,
ng_anthem,,,,,,,,,339.0,220.0,159.0,61.0,27.727272727272727,107.0,0.6729559748427673,0.0007335257335257,0.3053992303992304,0.0018664551985132,0.513880282127457,0.0018625621389102,0.4805197217099679,0.0018709788251517
ni,Nicaragua,60.31673469387755,1340.3062921695405,1763.108871694492,2581.9910203612158,0.0345891257998941,0.051742543,0.5629005,,,,,,,,,,,,,,
ni_anthem,,,,,,,,,1290.0,784.0,550.0,234.0,29.846938775510207,171.0,0.3109090909090909,0.1643535353535353,0.3916969696969696,0.0005000829539152,0.1360973590726509,0.0004973635713906,0.8624040375277721,0.0005011568742709
nl,Netherlands,48.66612244897959,879.4097707113659,1093.221093302691,1563.386570588323,0.0265395768726145,0.11878597,0.7991827,,,,,,,,,,,,,,
nl_anthem,,,,,,,,,582.0,365.0,256.0,109.0,29.863013698630137,177.0,0.69140625,0.1498231292517006,0.4048639455782313,0.493393648247144,0.0011152198077775,0.0011201473254107,0.5032513397666522,0.0011196448530155
no,Norway,62.27591836734694,1711.8186790509053,1975.6065459019487,3150.0888735583644,0.0496719004834576,0.0887961,0.7416156,,,,,,,,,,,,,,
no_anthem,,,,,,,,,2265.0,1383.0,942.0,441.0,31.88720173535792,237.0,0.2515923566878981,0.1265447443181818,0.4102923768939396,0.0002862151175006,0.0002849440818258,0.0002854202039609,0.000285296867203,0.9988581237295094
np,Nepal,69.82530612244898,1405.3334276668625,1871.1415861382857,2825.843594139651,0.033052135286783,0.08626692,0.62607616,,,,,,,,,,,,,,
np_anthem,,,,,,,,,892.0,502.0,384.0,118.0,23.50597609561753,120.0,0.3125,0.1386839826839827,0.3696685906685907,0.996899970119874,0.000774176381369,0.0007780781984797,0.0007755567662318,0.0007722185340452
nr,Nauru,78.86367346938775,1363.633730984022,1459.3801787638558,2361.1618448563777,0.0494553504066686,0.121755674,0.8921644,,,,,,,,,,,,,,
nr_anthem,,,,,,,,,60.0,36.0,29.0,7.0,19.444444444444446,26.0,0.896551724137931,0.1392857142857143,0.1928571428571428,0.1265153281310674,0.0107506643132119,0.0106898027495985,0.8414117171199579,0.0106324876861642
nz,New Zealand,62.87673469387755,2449.8142035891096,2890.585055713964,5122.039731813146,0.059543806833918,0.037479673,0.713397,,,,,,,,,,,,,,
om,Oman,113.86775510204082,1286.5784944683842,1629.2872743058003,2240.344487201137,0.0356670833917465,0.1075887,0.7445949,,,,,,,,,,,,,,
om_anthem,,,,,,,,,890.0,526.0,369.0,157.0,29.84790874524715,117.0,0.3170731707317073,0.1048230754752494,0.4018539431582911,0.0007174130945241,0.000718240461196,0.2713556028421017,0.7264920997474767,0.0007166438547013
pa,Panama,109.79265306122448,1785.7680898295932,2034.4056429410311,3447.4778881962434,0.0483452650814211,0.07896131,0.5700979,,,,,,,,,,,,,,
pe,Peru,189.4661224489796,1726.6764018449817,1891.7914031429773,3241.591509650735,0.0485554414636948,0.060305383,0.6736875,,,,,,,,,,,,,,
pe_anthem,,,,,,,,,2478.0,1552.0,1030.0,522.0,33.634020618556704,261.0,0.2533980582524271,0.1108602855477856,0.4869347319347317,0.9989311306810914,0.0002668427463727,0.0002661901128498,0.000267763765496,0.0002680726941899
pg,Papua New Guinea,57.78285714285714,2240.613632482512,2583.879443971253,4633.146793155509,0.0569052659828244,0.04011308,0.6888969,,,,,,,,,,,,,,
ph,Philippines,61.98857142857143,1161.7752932787605,1432.471917011053,2051.783598139045,0.0349355176147003,0.083475396,0.6549851,,,,,,,,,,,,,,
ph_anthem,,,,,,,,,1591.0,943.0,658.0,285.0,30.22269353128314,205.0,0.3115501519756838,0.1573376623376622,0.457107683982684,0.0830158391381195,0.9156884253160584,0.000430574721104,0.0004325666217318,0.0004325942029861
pk,Pakistan,82.41632653061224,2076.533499923158,2388.328736004893,4131.04143326745,0.0539866145319763,0.09107092,0.6450845,,,,,,,,,,,,,,
pk_anthem,,,,,,,,,1007.0,600.0,451.0,149.0,24.83333333333333,142.0,0.3148558758314856,0.0740079365079365,0.3602182539682539,0.0006326174977552,0.9974637494943758,0.0006340334646533,0.0006372004979582,0.0006323990452573
pl,Poland,42.86693877551021,1344.0246576004035,1584.308798058309,2492.137362916328,0.0394783257598835,0.10586793,0.66288316,,,,,,,,,,,,,,
pl_anthem,,,,,,,,,1509.0,876.0,643.0,233.0,26.59817351598174,205.0,0.3188180404354588,0.0677121235445589,0.3582512315270935,0.0004484971298971,0.0004451377912365,0.0004454511771345,0.8007445806544957,0.197916333247236
pt,Portugal,70.06040816326531,1541.981811446041,1852.1101041735428,2826.6334241663217,0.0439691804318558,0.08565974,0.6832208,,,,,,,,,,,,,,
pw,Palau,51.61795918367347,1957.3722109334824,2258.669678981467,3940.072584484624,0.048152634500787,0.111056894,0.69085777,,,,,,,,,,,,,,
pw_anthem,,,,,,,,,57.0,35.0,27.0,8.0,22.857142857142858,24.0,0.8888888888888888,0.0625,0.1583333333333333,0.009678174306301,0.0096889384572198,0.0096577160176872,0.9612102195574248,0.009764951661367
py,Paraguay,195.8661224489796,1283.6071814635704,1617.6411158782448,2452.0295291059733,0.0332058166102335,0.029315813,0.6339284,,,,,,,,,,,,,,
py_anthem,,,,,,,,,2334.0,1435.0,1007.0,428.0,29.82578397212544,277.0,0.2750744786494538,0.1841844524984059,0.4627693882345042,0.0002656345281038,0.0002636413846433,0.0002631051406502,0.9989410683358284,0.0002665506107742
qa,Qatar,86.56979591836735,2293.732240382448,2541.2952188776803,4647.830864403832,0.060279456383264,0.10458896,0.52616733,,,,,,,,,,,,,,
qa_anthem,,,,,,,,,612.0,333.0,262.0,71.0,21.32132132132132,97.0,0.3702290076335878,0.1472332015810276,0.4005599472990778,0.0010694850516231,0.0010734865018427,0.7308701225100259,0.265913037024564,0.0010738689119442
ro,Romania,138.73632653061225,2364.289739194137,2812.153705182395,4874.374787526151,0.0570584221365062,0.11318208,0.62069696,,,,,,,,,,,,,,
ro_anthem,,,,,,,,,896.0,498.0,339.0,159.0,31.92771084337349,144.0,0.4247787610619469,0.2155388471177944,0.418327067669173,0.3777390562863709,0.0904120571145881,0.1650619978061291,0.3660221812452338,0.0007647075476782
rs,Serbia,106.52734693877552,1808.4279611494453,2371.387407121647,3406.782240397845,0.0440317834057595,0.08802408,0.68516535,,,,,,,,,,,,,,
rs_anthem,,,,,,,,,331.0,200.0,142.0,58.0,29.0,94.0,0.6619718309859155,0.1548933209647495,0.3619743351886209,0.0020610780556431,0.0020687691317135,0.0020325284694383,0.9917930101901216,0.0020446141530834
ru,Russia,67.99673469387756,1435.564674991548,1774.918113436527,2746.3050939981003,0.041900567029836,0.08600254,0.61147124,,,,,,,,,,,,,,
ru_anthem,,,,,,,,,1480.0,886.0,631.0,255.0,28.78103837471783,196.0,0.3106180665610142,0.1508026281822153,0.3799699154056949,0.0212179944949921,0.0004148650578855,0.0004148331127954,0.0004156657563207,0.977536641578006
rw,Rwanda,138.63183673469388,2040.9812158350333,2540.547595376728,4094.496827827967,0.0478591682543338,0.103348665,0.49324226,,,,,,,,,,,,,,
rw_anthem,,,,,,,,,910.0,600.0,409.0,191.0,31.833333333333336,136.0,0.3325183374083129,0.242892561983471,0.5751922752572104,0.9973123091154118,0.0006746181364117,0.000672076457504,0.0006677595604221,0.0006732367302502
sa,Saudi Arabia,50.860408163265305,1769.5001414297774,2374.2745828224424,3729.318786913661,0.0366720283611047,0.11105744,0.58003116,,,,,,,,,,,,,,
sa_anthem,,,,,,,,,649.0,357.0,282.0,75.0,21.008403361344534,108.0,0.3829787234042553,0.1899837662337662,0.5017965367965368,0.0009022901917422,0.0008982932174589,0.9963888071515296,0.0009096558922719,0.0009009535469973
sb,Solomon Islands,63.92163265306122,1337.9576400051435,1490.4974848516044,2372.5944920881766,0.0448620148758172,0.057208776,0.84655535,,,,,,,,,,,,,,
sc,Seychelles,67.23918367346938,1764.3545689498324,2472.0048794157624,3569.2845634333994,0.0374812342185341,0.10153628,0.68139184,,,,,,,,,,,,,,
sc_anthem,,,,,,,,,406.0,242.0,179.0,63.0,26.033057851239672,64.0,0.3575418994413408,0.269034090909091,0.3788825757575757,0.0013965486700905,0.0014083557519043,0.9943952533217209,0.001397225842314,0.0014026164139702
sd,Sudan,45.55755102040816,2802.685079917004,3329.6811114512866,6325.890002985669,0.0616562997611465,0.081472754,0.5348624,,,,,,,,,,,,,,
sd_anthem,,,,,,,,,514.0,288.0,223.0,65.0,22.569444444444446,78.0,0.3497757847533632,0.0922727272727272,0.29,0.0011450598150934,0.0011479646716822,0.9954184532141016,0.0011428086524398,0.0011457136466829
se,Sweden,87.58857142857143,1702.7673816085633,2082.8042362913407,3287.4879628479125,0.0435071860503644,0.0860679,0.71136475,,,,,,,,,,,,,,
sg,Singapore,79.38612244897959,1876.623830929161,2167.963338207756,3471.777115247514,0.0532963483017695,0.09112863,0.7007512,,,,,,,,,,,,,,
sg_anthem,,,,,,,,,915.0,540.0,421.0,119.0,22.03703703703704,127.0,0.3016627078384798,0.1658008658008658,0.3641402867965365,0.0006025666303487,0.0006039572533486,0.0005978943990788,0.9975953420758386,0.0006002396413852
si,Slovenia,56.18938775510204,1516.4444774760946,1772.1240240303691,2817.601832870609,0.0419249983858471,0.10550119,0.75907534,,,,,,,,,,,,,,
sk,Slovakia,33.28,1691.7228208114775,2053.9784861124917,3300.956670190966,0.0440265507826124,0.14609732,0.68915683,,,,,,,,,,,,,,
sk_anthem,,,,,,,,,975.0,560.0,370.0,190.0,33.92857142857143,108.0,0.2918918918918919,0.0974074074074074,0.52,0.9966810088908944,0.0008324316350132,0.0008279028628033,0.0008306558793351,0.0008280007319541
sl,Sierra Leone,46.13224489795918,1922.908415948376,2248.8728056534533,3767.0155203156455,0.0516270799257674,0.075509936,0.657259,,,,,,,,,,,,,,
sl_anthem,,,,,,,,,73.0,51.0,42.0,9.0,17.647058823529413,32.0,0.7619047619047619,0.0625,0.0833333333333333,0.0067882298065425,0.2554971318141312,0.7238927604077265,0.0070093905909626,0.0068124873806369
sm,San Marino,142.7069387755102,1721.1010076304897,2105.7623661423813,3107.1805984392795,0.0443542261989505,0.06167004,0.80675024,,,,,,,,,,,,,,
sm_anthem,,,,,,,,,459.0,264.0,213.0,51.0,19.318181818181817,75.0,0.352112676056338,0.0207482993197278,0.2503401360544218,0.0014454217183249,0.0014298852133182,0.0014311535321,0.9942527606155512,0.0014407789207057
sn,Senegal,55.79755102040816,1399.8160020812006,1625.5842914625994,2666.4394758782764,0.0385362289044622,0.101609185,0.69442505,,,,,,,,,,,,,,
sn_anthem,,,,,,,,,1576.0,931.0,650.0,281.0,30.18259935553169,183.0,0.2815384615384615,0.1911018327211509,0.381573308846036,0.0003956252569101,0.0004012444264117,0.0003994862447359,0.0003980349039467,0.9984056091679951
so,Somalia,66.63836734693878,2069.077100446954,2566.1970047781583,4253.299054401677,0.0439208133710801,0.15272465,0.76493895,,,,,,,,,,,,,,
so_anthem,,,,,,,,,598.0,329.0,211.0,118.0,35.86626139817629,74.0,0.3507109004739336,0.2732323232323231,0.5149410774410774,0.0011648041577445,0.995322938734155,0.0011728454265633,0.0011690923698099,0.0011703193117271
sr,Suriname,55.04,1486.3852427629363,1931.233595063062,2953.3462559817285,0.0343552874854988,0.09602538,0.7397749,,,,,,,,,,,,,,
sr_anthem,,,,,,,,,834.0,509.0,370.0,139.0,27.308447937131632,108.0,0.2918918918918919,0.2853571428571428,0.483154761904762,0.0007136250957836,0.0007156753469714,0.0007165190358665,0.9971399488731432,0.0007142316482352
ss,South Sudan,77.00897959183673,1537.2006818715492,2219.486279788769,3091.4038873487902,0.0313864596679981,0.07827504,0.5988714,,,,,,,,,,,,,,
st,So Tom and Prncipe,124.65632653061223,1840.283928738252,2192.903675581026,3344.223957484517,0.0502994712848062,0.1033466,0.7463933,,,,,,,,,,,,,,
summary,,,,,,,,,1279.0,350.0,346.0,4.0,1.1428571428571428,182.0,0.5260115606936416,0.2,0.6,0.0006089676848962,0.0693982865485143,0.7014894035733745,0.1558965567354767,0.0726067854577383
sv,El Salvador,260.8065306122449,2001.9177520681344,2153.2543553679934,3876.778845652264,0.0563547636601379,0.033494987,0.5444093,,,,,,,,,,,,,,
sv_anthem,,,,,,,,,1692.0,1046.0,723.0,323.0,30.87954110898661,208.0,0.2876901798063623,0.1681977754605492,0.4991119221411193,0.0003379053453661,0.0003387077575018,0.0003367416215667,0.0003380351315756,0.9986486101439896
sy,Syria,66.37714285714286,1803.4745165617285,2169.5886548902413,3490.0735444812435,0.0451664425935641,0.050948877,0.63969284,,,,,,,,,,,,,,
sz,Eswatini,67.65714285714286,1026.2232565022464,1122.9527517334768,1786.2176249758709,0.0319238582865048,0.042886417,0.79069936,,,,,,,,,,,,,,
sz_anthem,,,,,,,,,83.0,55.0,42.0,13.0,23.63636363636364,31.0,0.7380952380952381,0.25,0.1766666666666666,0.0097901219645922,0.009788463185294,0.0097376904844219,0.9610503294007586,0.0096333949649331
td,Chad,62.72,2279.460025532578,2798.4901069765883,4876.973594313923,0.0498036934052841,0.12117707,0.5612617,,,,,,,,,,,,,,
td_anthem,,,,,,,,,446.0,244.0,163.0,81.0,33.19672131147541,64.0,0.3926380368098159,0.1070436507936508,0.2454365079365079,0.0014445461333262,0.9942081773339312,0.0014574815361962,0.0014465444471925,0.0014432505493538
tg,Togo,52.08816326530612,1923.589929094668,2282.137025849804,3889.1258775351016,0.0480903164698016,0.09914177,0.62556297,,,,,,,,,,,,,,
tg_anthem,,,,,,,,,1002.0,603.0,471.0,132.0,21.890547263681597,141.0,0.2993630573248407,0.3364532019704433,0.5214285714285715,0.0005067803664092,0.99797055463228,0.0005067672314596,0.0005076605197006,0.0005082372501503
th,Thailand,44.04244897959184,1929.341909094216,2223.764543404465,3745.006558464022,0.0502889791035187,0.11285761,0.7520242,,,,,,,,,,,,,,
th_anthem,,,,,,,,,1377.0,859.0,614.0,245.0,28.52153667054715,184.0,0.2996742671009772,0.1038109431552054,0.2780498190334255,0.0005009887378084,0.0005002964642338,0.0005029613713827,0.9979939392489696,0.0005018141776052
tj,Tajikistan,112.14367346938776,1736.4343484955227,2225.6635515522357,3443.036578634511,0.0409950019409937,0.111413375,0.70381093,,,,,,,,,,,,,,
tj_anthem,,,,,,,,,798.0,458.0,314.0,144.0,31.4410480349345,105.0,0.3343949044585987,0.2815302621906395,0.409470717961284,0.4111857583518696,0.3837009782929138,0.12161472339048,0.0008074686910116,0.0826910712737247
tl,East Timor,130.08979591836734,1433.3329791549756,1827.8875480520016,2790.615501042968,0.0359289335093922,0.043375812,0.66510147,,,,,,,,,,,,,,
tl_anthem,,,,,,,,,822.0,461.0,330.0,131.0,28.41648590021692,102.0,0.3090909090909091,0.0758563899868247,0.3636034255599474,0.0007380826249534,0.0007408374764516,0.0007402606654855,0.9970405255562016,0.0007402936769078
tm,Turkmenistan,119.92816326530613,1684.908203654748,2247.156138594204,3292.8770164644843,0.0396971710884559,0.1015819,0.6972873,,,,,,,,,,,,,,
tm_anthem,,,,,,,,,662.0,396.0,294.0,102.0,25.75757575757576,98.0,0.3333333333333333,0.2508036289951184,0.4608731693838076,0.0008468206137151,0.000849779650589,0.0008512957860372,0.996606063128712,0.0008460408209465
tn,Tunisia,52.40163265306123,2234.8622769170584,2708.996684671404,4512.389092874252,0.0529734316155294,0.10626071,0.6891044,,,,,,,,,,,,,,
tn_anthem,,,,,,,,,969.0,549.0,413.0,136.0,24.772313296903462,151.0,0.3656174334140435,0.2316775603782182,0.6383145363408522,0.1601977524769531,0.1186694671367583,0.4538378557912464,0.0895369754736998,0.1777579491213421
to,Tonga,59.16734693877551,1646.3502473733845,1802.3285619207709,3047.35169929922,0.0537232954127427,0.07302651,0.8593799,,,,,,,,,,,,,,
to_anthem,,,,,,,,,598.0,320.0,229.0,91.0,28.4375,75.0,0.3275109170305676,0.1849511599511599,0.3721611721611722,0.0013264295920317,0.0013322031663035,0.0013255982499954,0.9946907728034482,0.001324996188221
tr,Turkey,83.87918367346938,2102.3211293264885,2404.258326121178,4282.377399167388,0.0525607563797577,0.045630634,0.62067175,,,,,,,,,,,,,,
tt,Trinidad and Tobago,74.73632653061225,1540.4589047449315,1935.926531584936,2823.52871712634,0.0416972316470565,0.08786662,0.6844937,,,,,,,,,,,,,,
tt_anthem,,,,,,,,,155.0,99.0,67.0,32.0,32.323232323232325,53.0,0.7910447761194029,0.1863095238095238,0.4245535714285714,0.0034963081145297,0.0034383067840258,0.0034461792367694,0.9861551830921148,0.0034640227725598
tv,Tuvalu,81.18857142857142,1309.792627704319,1509.7545403149586,2311.802101298881,0.0437227444952816,0.05373708,0.877013,,,,,,,,,,,,,,
tv_anthem,,,,,,,,,97.0,61.0,45.0,16.0,26.229508196721312,35.0,0.7777777777777778,0.0946428571428571,0.1964285714285714,0.0054793356704788,0.1890611492416828,0.0054926101679715,0.7944686638886498,0.0054982410312169
tw,Taiwan,56.65959183673469,1599.3087077811929,1727.2788173670754,2967.3645057045173,0.0522672015852284,0.13774994,0.8576678,,,,,,,,,,,,,,
tw_anthem,,,,,,,,,216.0,141.0,96.0,45.0,31.91489361702128,70.0,0.7291666666666666,0.1127705627705627,0.2148268398268398,0.0028463915558749,0.0028656964927439,0.4161940790733479,0.5752474408873915,0.0028463919906416
tz,Tanzania,51.565714285714286,1282.6355759149862,1653.736468736549,2215.093749560305,0.0360071696659725,0.11480121,0.7288456,,,,,,,,,,,,,,
tz_anthem,,,,,,,,,647.0,351.0,285.0,66.0,18.803418803418804,77.0,0.2701754385964912,0.1166666666666666,0.2841269841269841,0.0007943108025269,0.0007976278978128,0.0007959029837455,0.0007964329226985,0.9968157253932162
ua,Ukraine,79.56897959183674,1753.4572045456564,2084.9752627304006,3312.302400685275,0.0485388180031733,0.09897303,0.69569796,,,,,,,,,,,,,,
ua_anthem,,,,,,,,,1601.0,921.0,654.0,267.0,28.99022801302932,186.0,0.2844036697247706,0.1117448839039748,0.4211752262888627,0.000421455464327,0.0004199446017963,0.0004183490708789,0.9983207729242628,0.0004194779387349
ug,Uganda,45.270204081632656,1572.1541424719312,2252.2757501284477,2895.509089543269,0.0332881360176282,0.12480686,0.71916413,,,,,,,,,,,,,,
ug_anthem,,,,,,,,,179.0,113.0,80.0,33.0,29.20353982300885,64.0,0.8,0.1165584415584415,0.3724025974025974,0.091308746139712,0.0034638977667693,0.0034513870454374,0.89832272784312,0.0034532412049612
us,United States,78.28897959183674,1763.7293567194688,2090.8021776645624,3485.8500959185944,0.0444471329839486,0.09195062,0.689872,,,,,,,,,,,,,,
us_anthem,,,,,,,,,468.0,299.0,214.0,85.0,28.428093645484942,151.0,0.705607476635514,0.13503861003861,0.397972972972973,0.1642975236058179,0.0011396940506382,0.0011335675443096,0.83228862964689,0.0011405851523441
uy,Uruguay,270.3673469387755,1644.087406134015,1902.133375952015,3181.893223743183,0.0445511561413066,0.06577274,0.5705007,,,,,,,,,,,,,,
uy_anthem,,,,,,,,,1557.0,906.0,661.0,245.0,27.041942604856512,158.0,0.2390317700453857,0.1093381759483454,0.4053591606133979,0.0003744179962532,0.0003719784652935,0.0003725949826403,0.998505619048836,0.0003753895069768
uz,Uzbekistan,146.15510204081633,1346.1973454952129,1642.5880921463947,2460.69998796072,0.0377137049830208,0.08824297,0.6077241,,,,,,,,,,,,,,
uz_anthem,,,,,,,,,710.0,397.0,304.0,93.0,23.425692695214103,101.0,0.3322368421052631,0.4377266601323205,0.5462631707914726,0.000861948493378,0.996576832310097,0.0008527927853084,0.0008532641223211,0.0008551622888952
va,Vatican City,193.46285714285716,1694.737059310229,2181.682013837296,3288.563599863478,0.0424471528725846,0.036237657,0.61730146,,,,,,,,,,,,,,
va_anthem,,,,,,,,,1354.0,820.0,526.0,294.0,35.853658536585364,140.0,0.2661596958174905,0.2925032175032174,0.5223294723294722,0.9978920483414292,0.0005264604628106,0.000525492910991,0.0005274184166938,0.0005285798680752
ve,Venezuela,90.8538775510204,1930.500787661563,2203.317183074548,3757.91539719365,0.052609216274278,0.077297494,0.59853804,,,,,,,,,,,,,,
vn,Vietnam,71.68,2446.8867135362048,2696.1054987591087,4993.384164663462,0.0633047349443319,0.086789146,0.6313925,,,,,,,,,,,,,,
vn_anthem,,,,,,,,,933.0,572.0,392.0,180.0,31.46853146853147,121.0,0.3086734693877551,0.0381028270509977,0.4424057649667405,0.0006274815705245,0.3286703363417003,0.0006299657919677,0.0006274891790114,0.6694447271167959
vu,Vanuatu,59.14122448979592,1437.3872367489805,1716.0187643974928,2470.1098656771346,0.0424085922166339,0.10419661,0.7236944,,,,,,,,,,,,,,
vu_anthem,,,,,,,,,544.0,279.0,187.0,92.0,32.97491039426524,65.0,0.3475935828877005,0.4,0.54609375,0.7020686020516211,0.1271926489597781,0.0013853685296075,0.0013881016300601,0.1679652788289329
ws,Samoa,73.01224489795918,1226.3238884919997,1349.2311719820216,2102.700679012959,0.043133037346955,0.04627068,0.83460003,,,,,,,,,,,,,,
ws_anthem,,,,,,,,,661.0,400.0,267.0,133.0,33.25,78.0,0.2921348314606741,0.1072510822510822,0.351046176046176,0.0009212702441415,0.0009275131449498,0.0009248255941668,0.9963077600382634,0.0009186309784784
ye,Yemen,48.92734693877551,1915.5937043222573,2205.836358795615,3922.38917231984,0.0477386148798932,0.131001,0.7297596,,,,,,,,,,,,,,
ye_anthem,,,,,,,,,1068.0,580.0,414.0,166.0,28.620689655172416,123.0,0.2971014492753623,0.2875457875457876,0.4487789987789989,0.0005933015126231,0.0005981851336813,0.9976229680549732,0.0005924279472269,0.0005931173514955
za,South Africa,122.64489795918368,1419.839803052072,1621.948692262597,2564.988926313719,0.042847557891187,0.08207622,0.73110694,,,,,,,,,,,,,,
za_anthem,,,,,,,,,1357.0,861.0,625.0,236.0,27.409988385598144,170.0,0.272,0.0569410107964325,0.3078949564491733,0.0003999377145959,0.0003985774695803,0.0004001567211106,0.0003996151633726,0.9984017129313404
zm,Zambia,117.21433106575964,1318.2239325763392,1715.629971273507,2249.450912090225,0.0369884773942755,0.12492497,0.7373632,,,,,,,,,,,,,,
zm_anthem,,,,,,,,,199.0,121.0,90.0,31.0,25.6198347107438,65.0,0.7222222222222222,0.1582417582417582,0.3516483516483516,0.0747945016425851,0.0028327983972096,0.0028283415738058,0.2398230065740512,0.6797213518123482
zw,Zimbabwe,96.99265306122447,1310.2198843005267,1427.602555005169,2271.96555557114,0.0470695527565828,0.07453857,0.8811481,,,,,,,,,,,,,,
zw_anthem,,,,,,,,,131.0,84.0,62.0,22.0,26.190476190476197,52.0,0.8387096774193549,0.087087912087912,0.293956043956044,0.0049654533030064,0.0050347043540222,0.0049690254811339,0.5475530450039032,0.4374777718579343
